{"AmbientLight":{"Color":[0.3499999940395355,0.30000001192092896,0.25],"Intensity":9.5},"AntiAliasing":1,"Apollonian1":{"Iterations":8,"Offset1":12.0,"Offset2":1.100000023841858},"BackgroundType":3,"Camera":{"CameraType":0,"FOV":90.0,"Jaw":795.5,"Pitch":-16.0,"Position":[-1.4246459007263184,3.588031053543091,2.907994270324707],"View":[-0.9681476354598999,0.0,0.2503799796104431,0.0,0.06901407986879349,0.9612616896629333,0.26685765385627747,0.0,0.24068067967891693,-0.27563735842704773,0.9306432604789734,0.0,-1.4246459007263184,3.588031053543091,2.907994270324707,1.0]},"CameraType":0,"ColoringType":5,"Exposure":[0.0,0.7152000069618225,0.0722000002861023],"FractalType":12,"Light1":{"Color":[1.0,1.0,0.699999988079071],"Direction":[0.0,22.0],"Intensity":0.10000000149011612},"Light2":{"Color":[0.25,0.20000000298023224,0.15000000596046448],"Direction":[264.0,60.0,0.0],"Intensity":3.700000047683716},"Reflection":0.20000000298023224,"RoomBackground":[9.999999974752427e-07,9.812830512601067e-07,9.411764949618373e-07],"ShadowStrength":32.0,"Shininess":32.0,"SkyboxHDR":{"Brightness":1.0,"Irradiance":true,"Type":0},"SoftShadows":false,"ToneMapping":true,"Type6":{"Color":[0.12254899740219116,0.044854167848825455,0.006007307209074497]}}
