{"AmbientLight":{"Color":[0.22745098173618317,0.47058823704719543,0.12156862765550613],"Intensity":1.2000000476837158},"AntiAliasing":1,"BackgroundType":2,"Camera":{"CameraType":1,"FOV":90.0,"Phi":88.5,"Position":[0.06461762636899948,0.17261368036270142,2.467643976211548],"R":4.091014385223389,"Theta":86.0,"View":[0.9996573328971863,0.0,-0.02617698721587658,0.0,-0.0018260148353874683,0.9975640773773193,-0.06973259150981903,0.0,-0.026113221421837807,-0.06975649297237396,-0.9972222447395325,0.0,0.06461762636899948,0.17261368036270142,2.467643976211548,1.0]},"CameraType":1,"ColoringType":1,"Exposure":[0.12600000202655792,0.7152000069618225,0.0722000002861023],"FractalType":3,"Julia1":{"Iterations":11,"Offset":1.0399999618530273,"Smoothness":4.0},"Light1":{"Color":[0.0,1.0,0.26274511218070984],"Direction":[74.0,82.0],"Intensity":5.300000190734863},"Light2":{"Color":[0.1882352977991104,0.26274511218070984,0.08235294371843338],"Direction":[166.0,141.0,0.0],"Intensity":4.099999904632568},"Reflection":0.0,"RoomBackground":[0.0,0.0,0.0],"ShadowStrength":30.0,"Shininess":70.0,"Skybox":{"Brightness":2.5,"Type":4},"SoftShadows":true,"ToneMapping":false,"Type2":{"Color1":[0.48596689105033875,0.630251944065094,0.7745097875595093],"Color2":[0.4089052379131317,0.4195278286933899,0.44607841968536377],"Color3":[0.8186274766921997,0.7928303480148315,0.7825115919113159]}}
