{"AmbientLight":{"Color":[0.5344098210334778,0.7843137383460999,0.5344098210334778],"Intensity":2.5},"AntiAliasing":1,"BackgroundType":3,"Camera":{"CameraType":1,"FOV":90.0,"Phi":884.0,"Position":[-2.8820297718048096,0.1046985313296318,0.8264077305793762],"R":3.0000011920928955,"Theta":88.0,"View":[0.27563703060150146,-0.0,0.9612617492675781,0.0,0.03354755416512489,0.9993908405303955,-0.009619594551622868,0.0,0.9606761932373047,-0.03489949554204941,-0.2754691243171692,0.0,-2.8820297718048096,0.1046985313296318,0.8264077305793762,1.0]},"CameraType":1,"ColoringType":4,"Exposure":[0.0,1.0,0.0722000002861023],"FractalType":3,"Julia1":{"Iterations":11,"Offset":2.7200000286102295,"Smoothness":14.800000190734863},"Light1":{"Color":[0.9166666865348816,0.6105818748474121,0.04942811653017998],"Direction":[282.0,75.0],"Intensity":3.5},"Light2":{"Color":[0.024509696289896965,0.02450954169034958,0.024509787559509277],"Direction":[246.0,199.0,0.0],"Intensity":4.0},"Reflection":0.0,"RoomBackground":[0.0,0.0,0.0],"ShadowStrength":32.0,"Shininess":32.0,"SkyboxHDR":{"Brightness":1.0,"Irradiance":true,"Type":6},"SoftShadows":true,"ToneMapping":true,"Type5":{"Color1":[0.9803921580314636,0.16820454597473145,0.16820454597473145],"Color2":[0.9999899864196777,1.0,0.9999899864196777],"Color3":[0.0,0.8236062526702881,1.0]}}
