{"AmbientLight":{"Color":[0.3499999940395355,0.30000001192092896,0.25],"Intensity":9.5},"AntiAliasing":1,"Apollonian2":{"Iterations":6,"Offset1":14.960000038146973,"Offset2":0.6100000143051147},"BackgroundType":3,"Camera":{"CameraType":0,"FOV":90.0,"Jaw":-131.5,"Pitch":5.0,"Position":[-0.3268604874610901,2.593177080154419,3.187511920928955],"View":[0.7489557862281799,0.0,-0.662619948387146,0.0,0.057751137763261795,0.9961947798728943,0.06527580320835114,0.0,-0.6600984930992126,0.08715573698282242,-0.7461057901382446,0.0,-0.3268604874610901,2.593177080154419,3.187511920928955,1.0]},"CameraType":0,"ColoringType":4,"Exposure":[0.12600000202655792,0.7152000069618225,0.0722000002861023],"FractalType":13,"Light1":{"Color":[1.0,1.0,0.699999988079071],"Direction":[72.0,200.0],"Intensity":0.10000000149011612},"Light2":{"Color":[0.25,0.20000000298023224,0.15000000596046448],"Direction":[240.0,80.0,0.0],"Intensity":3.4000000953674316},"Reflection":0.20000000298023224,"RoomBackground":[0.0,0.0,0.0],"ShadowStrength":32.0,"Shininess":32.0,"SkyboxHDR":{"Brightness":1.0,"Irradiance":true,"Type":0},"SoftShadows":false,"ToneMapping":false,"Type5":{"Color1":[1.0,0.0,0.0],"Color2":[0.0,1.0,0.0],"Color3":[0.0,0.0,1.0]}}
