{"AmbientLight":{"Color":[0.3499999940395355,0.30000001192092896,0.25],"Intensity":9.5},"AntiAliasing":1,"BackgroundType":3,"Camera":{"CameraType":0,"FOV":90.0,"Jaw":-67.0,"Pitch":70.0,"Position":[-0.043795667588710785,1.7227215766906738,3.287972927093506],"View":[0.9205048084259033,-0.0,0.39073115587234497,0.0,-0.367167204618454,0.3420201539993286,0.8649916648864746,0.0,0.133637934923172,0.9396926164627075,-0.3148311972618103,0.0,-0.043795667588710785,1.7227215766906738,3.287972927093506,1.0]},"CameraType":0,"ColoringType":3,"Exposure":[0.12600000202655792,0.7152000069618225,0.0722000002861023],"FractalType":11,"Light1":{"Color":[1.0,1.0,0.699999988079071],"Direction":[72.0,200.0],"Intensity":0.10000000149011612},"Light2":{"Color":[0.25,0.20000000298023224,0.15000000596046448],"Direction":[240.0,80.0,0.0],"Intensity":3.4000000953674316},"MengerSponge3":{"Type":["1","2","3","4"]},"Reflection":0.20000000298023224,"RoomBackground":[9.999999974752427e-07,9.411764949618373e-07,9.411764949618373e-07],"ShadowStrength":32.0,"Shininess":32.0,"SkyboxHDR":{"Brightness":1.0,"Irradiance":true,"Type":0},"SoftShadows":false,"ToneMapping":false,"Type4":{"Color":[1.0,0.800000011920929,0.699999988079071]}}
