{"AmbientLight":{"Color":[0.8627451062202454,0.9411764740943909,0.8734894394874573],"Intensity":8.800000190734863},"AntiAliasing":1,"BackgroundType":3,"Camera":{"CameraType":1,"FOV":90.0,"Phi":101.5,"Position":[-0.538055419921875,1.3104701042175293,2.644627094268799],"R":3.000148057937622,"Theta":64.0999984741211,"View":[0.979924738407135,-0.0,0.1993679255247116,0.0,0.08708427101373672,0.8995577692985535,-0.42803290486335754,0.0,0.17934295535087585,-0.43680182099342346,-0.8814988732337952,0.0,-0.538055419921875,1.3104701042175293,2.644627094268799,1.0]},"CameraType":1,"ColoringType":5,"Exposure":[1.0,0.7152000069618225,0.0722000002861023],"FractalType":6,"Julia4":{"Iterations":11,"Offset":[-0.05000000074505806,-0.052000001072883606,0.8500000238418579],"Smoothness":8.699999809265137,"W":-0.1509999930858612},"Light1":{"Color":[0.06862747669219971,0.02724914625287056,0.02724914625287056],"Direction":[194.0,230.0],"Intensity":7.800000190734863},"Light2":{"Color":[0.07352942228317261,0.03964800015091896,0.005767012946307659],"Direction":[259.0,89.0,0.0],"Intensity":4.800000190734863},"Reflection":0.0,"RoomBackground":[9.999999974752427e-07,9.411764949618373e-07,9.411764949618373e-07],"ShadowStrength":39.0,"Shininess":100.0,"SkyboxHDR":{"Brightness":1.0,"Irradiance":true,"Type":1},"SoftShadows":true,"ToneMapping":true,"Type6":{"Color":[0.6421568393707275,0.47846922278404236,0.3966262638568878]}}
