{"AmbientLight":{"Color":[0.8627451062202454,0.9411764740943909,0.8734894394874573],"Intensity":8.800000190734863},"AntiAliasing":1,"BackgroundType":3,"Camera":{"CameraType":1,"FOV":90.0,"Phi":-241.0,"Position":[-1.4818110466003418,0.5389401316642761,2.6732583045959473],"R":3.1036317348480225,"Theta":80.0,"View":[0.874619722366333,-0.0,0.484809547662735,0.0,0.08418631553649902,0.9848077893257141,-0.15187616646289825,0.0,0.47744423151016235,-0.17364822328090668,-0.861332356929779,0.0,-1.4818110466003418,0.5389401316642761,2.6732583045959473,1.0]},"CameraType":1,"ColoringType":4,"Exposure":[1.0,0.7152000069618225,0.0722000002861023],"FractalType":1,"Light1":{"Color":[0.06862747669219971,0.02724914625287056,0.02724914625287056],"Direction":[194.0,230.0],"Intensity":7.800000190734863},"Light2":{"Color":[0.07352942228317261,0.03964800015091896,0.005767012946307659],"Direction":[259.0,89.0,0.0],"Intensity":4.800000190734863},"Mandelbulb":{"Bailout":10.0,"Iterations":8,"Power":9.0},"Reflection":0.0,"RoomBackground":[9.999999974752427e-07,9.411764949618373e-07,9.411764949618373e-07],"ShadowStrength":39.0,"Shininess":100.0,"SkyboxHDR":{"Brightness":2.4000000953674316,"Irradiance":true,"Type":3},"SoftShadows":true,"ToneMapping":true,"Type5":{"Color1":[1.0,0.0,0.0],"Color2":[0.0,1.0,0.0],"Color3":[0.0,0.0,1.0]}}
