{"AmbientLight":{"Color":[0.3499999940395355,0.30000001192092896,0.25],"Intensity":2.5},"AntiAliasing":1,"BackgroundType":3,"Camera":{"CameraType":1,"FOV":90.0,"Phi":85.0,"Position":[0.19333158433437347,0.2527354061603546,2.2097885608673096],"R":2.2325809001922607,"Theta":83.5,"View":[0.9961947202682495,0.0,-0.08715580403804779,0.0,-0.009866319596767426,0.993571937084198,-0.11277247220277786,0.0,-0.0865955576300621,-0.11320324242115021,-0.9897910356521606,0.0,0.19333158433437347,0.2527354061603546,2.2097885608673096,1.0]},"CameraType":1,"ColoringType":3,"Exposure":[0.12600000202655792,0.7152000069618225,0.0722000002861023],"FractalType":3,"Julia1":{"Iterations":11,"Offset":1.6200000047683716,"Smoothness":4.0},"Light1":{"Color":[1.0,1.0,0.699999988079071],"Direction":[55.0,55.0],"Intensity":3.5},"Light2":{"Color":[0.25,0.20000000298023224,0.15000000596046448],"Direction":[135.0,90.0,0.0],"Intensity":4.0},"Reflection":0.20000000298023224,"RoomBackground":[0.0,0.0,0.0],"ShadowStrength":32.0,"Shininess":32.0,"SkyboxHDR":{"Brightness":1.0,"Irradiance":true,"Type":0},"SoftShadows":false,"ToneMapping":false,"Type4":{"Color":[1.0,0.800000011920929,0.699999988079071]}}
