{"AmbientLight":{"Color":[0.3499999940395355,0.30000001192092896,0.25],"Intensity":2.5},"AntiAliasing":1,"Apollonian3":{"Offset1":null},"BackgroundType":3,"Camera":{"CameraType":1,"FOV":90.0,"Phi":90.0,"Position":[0.0,0.0,3.0],"R":3.0,"Theta":90.0,"View":[1.0,0.0,0.0,0.0,0.0,1.0,0.0,0.0,-0.0,-0.0,-1.0,0.0,0.0,0.0,3.0,1.0]},"CameraType":1,"ColoringType":0,"Exposure":[0.12600000202655792,0.7152000069618225,0.0722000002861023],"FractalType":0,"Light1":{"Color":[1.0,1.0,0.699999988079071],"Direction":[55.0,55.0],"Intensity":3.5},"Light2":{"Color":[0.25,0.20000000298023224,0.15000000596046448],"Direction":[135.0,90.0,0.0],"Intensity":4.0},"Reflection":0.20000000298023224,"RoomBackground":[0.0,0.0,0.0],"ShadowStrength":32.0,"Shininess":32.0,"SkyboxHDR":{"Brightness":1.0,"Irradiance":true,"Type":0},"SoftShadows":false,"ToneMapping":false,"Type1":{"Color":[1.0,0.800000011920929,0.699999988079071]}}
